dataset,model,fairness_level,cv_mean_accuracy,cv_std_accuracy,cv_ci_accuracy_low,cv_ci_accuracy_high,cv_mean_auc,cv_std_auc,cv_ci_auc_low,cv_ci_auc_high,cv_mean_f1,cv_std_f1,cv_ci_f1_low,cv_ci_f1_high,test_accuracy,auc,f1,dp_diff,eo_diff,disparate_impact
australian,LogisticRegression,0.0,0.8623095823095822,0.010092569390240119,0.8534630551896917,0.8711561094294727,0.9368900592495063,0.018428256181329945,0.9207369805064384,0.9530431379925742,0.8479124698184105,0.011431639269996364,0.8378921961976391,0.8579327434391819,0.8333333333333334,0.9139876516925697,0.8321167883211679,0.025353773584905648,0.07999999999999996,0.8888888888888888
australian,LogisticRegression,0.25,0.8713841113841114,0.013372254525778485,0.85966281349234,0.8831054092758829,0.8666919565287776,0.016565518710310277,0.8521716391686086,0.8812122738889466,0.8577142857142857,0.014487208737121135,0.8450156873664364,0.8704128840621349,0.8333333333333334,0.8373429848839684,0.8321167883211679,0.025353773584905648,0.07999999999999996,0.8888888888888888
australian,LogisticRegression,0.5,0.8695495495495494,0.010583094230925814,0.8602730584493962,0.8788260406497027,0.8728144055083694,0.013698839533159694,0.8608068432360388,0.8848219677807,0.8558246904215171,0.013088719229351406,0.8443519221749036,0.8672974586681306,0.8333333333333334,0.8585267191824569,0.8321167883211679,0.025353773584905648,0.07999999999999996,0.8888888888888888
australian,LogisticRegression,0.75,0.8713841113841114,0.013372254525778485,0.85966281349234,0.8831054092758829,0.8670934285930132,0.016038805610829574,0.853034795620515,0.8811520615655114,0.8582857142857143,0.014515355439104176,0.8455624442657863,0.8710089843056423,0.8333333333333334,0.8585267191824569,0.8321167883211679,0.025353773584905648,0.07999999999999996,0.8888888888888888
australian,LogisticRegression,1.0,0.8677477477477478,0.010428585415466422,0.8586066895956747,0.8768888058998209,0.8687735891818388,0.012512819991156613,0.8578056188743846,0.879741559489293,0.8536683561897112,0.011372564403388755,0.8436998639725983,0.863636848406824,0.8333333333333334,0.843836491377475,0.8321167883211679,0.06603773584905659,0.07999999999999996,0.8888888888888888
australian,DecisionTree,0.0,0.8333988533988533,0.028555212602106767,0.8083691059746677,0.858428600823039,0.8289786637023926,0.028552998255119543,0.8039508572389196,0.8540064701658656,0.8084759055969469,0.03153212671901257,0.7808367778999579,0.836115033293936,0.7681159420289855,0.7700659995741963,0.75,0.0625,0.038181818181818206,0.9333333333333332
australian,DecisionTree,0.25,0.8224897624897626,0.021489885453461397,0.8036530473663341,0.841326477613191,0.824495558985096,0.027472170241467798,0.8004151400465433,0.8485759779236486,0.795288823384789,0.020856886482075634,0.7770069563234053,0.8135706904461727,0.7608695652173914,0.7700659995741963,0.7401574803149606,0.05306603773584906,0.05818181818181822,0.9333333333333332
australian,DecisionTree,0.5,0.8206552006552006,0.014764906241886347,0.8077131897121992,0.833597211598202,0.8208153983962703,0.018687596656213393,0.804434997704189,0.8371957990883515,0.7908732120525845,0.013563752896138433,0.7789840584383206,0.8027623656668484,0.7608695652173914,0.7700659995741963,0.736,0.11556603773584906,0.14363636363636367,0.8571428571428571
australian,DecisionTree,0.75,0.818886158886159,0.025890505921165843,0.7961921298512167,0.8415801879211013,0.8228970310493313,0.029691627632420396,0.7968711719318397,0.848922890166823,0.7912189162949597,0.024516338296199803,0.7697293982910035,0.8127084342989158,0.7681159420289855,0.7553757717692143,0.75,0.10318396226415094,0.07272727272727275,0.9333333333333332
australian,DecisionTree,1.0,0.8207043407043407,0.021050503875061594,0.8022527605152386,0.8391559208934428,0.8212024951704638,0.014500002186636428,0.8084926828696837,0.833912307471244,0.7917874880792869,0.021823719120244264,0.7726581548451935,0.8109168213133803,0.7681159420289855,0.7864594421971471,0.7538461538461538,0.12205188679245282,0.09272727272727266,0.9642857142857143
australian,RandomForest,0.0,0.8841277641277641,0.02472863085548323,0.8624521634910872,0.9058033647644409,0.9332440885396993,0.02152708022462779,0.9143747707618706,0.952113406317528,0.8709447448915707,0.02457889851020173,0.849400390442266,0.8924890993408754,0.8115942028985508,0.9226101767085374,0.8059701492537313,0.002948113207547176,0.14,0.8888888888888888
australian,RandomForest,0.25,0.8804914004914004,0.020232668902875166,0.862756684262435,0.8982261167203658,0.8785832137191205,0.016210726865868774,0.8643738851223087,0.8927925423159323,0.8657390508042682,0.01877975560602639,0.8492778692309924,0.882200232377544,0.8115942028985508,0.8192463274430488,0.803030303030303,0.059551886792452824,0.049090909090909074,0.8888888888888888
australian,RandomForest,0.5,0.8605405405405404,0.019470390188278425,0.8434739910648417,0.8776070900162392,0.8687806041507031,0.019053975063057355,0.8520790586255309,0.8854821496758754,0.8390063900800018,0.022454896593876422,0.8193238053970404,0.8586889747629631,0.8043478260869565,0.8240366191185863,0.8,0.006485849056603765,0.14,0.8888888888888888
australian,RandomForest,0.75,0.8677968877968878,0.017173296941646373,0.852743829328038,0.8828499462657375,0.8708622368037643,0.018115559096738676,0.8549832491402011,0.8867412244673275,0.8503902304916476,0.015463102112035073,0.8368362238851594,0.8639442370981358,0.8115942028985508,0.8175431126250798,0.8059701492537313,0.002948113207547176,0.14,0.8888888888888888
australian,RandomForest,1.0,0.8714168714168714,0.01929359777854971,0.854505287320828,0.8883284555129148,0.878664846372182,0.027888873809367946,0.8542191706519472,0.9031105220924168,0.8550029034377362,0.019686069669149518,0.8377473025616503,0.8722585043138221,0.8405797101449275,0.8534170747285501,0.8307692307692308,0.08136792452830188,0.029090909090909056,0.8888888888888888
australian,GradientBoosting,0.0,0.8587551187551188,0.019258417219125183,0.8418743717790403,0.8756358657311972,0.9331503685556719,0.015552700429960832,0.9195178255607995,0.9467829115505443,0.8423327415032485,0.01815936465210663,0.8264153565774441,0.858250126429053,0.8260869565217391,0.9178198850329997,0.8125,0.02181603773584906,0.18000000000000005,0.8888888888888888
australian,GradientBoosting,0.25,0.8642260442260442,0.024931977680047773,0.8423722022388552,0.8860798862132332,0.8610790533029711,0.023735242153024874,0.8402741962556709,0.8818839103502712,0.8475415429329626,0.026398787159537994,0.8244019857489505,0.8706811001169746,0.8043478260869565,0.827123695976155,0.7906976744186046,0.03125,0.19999999999999996,0.8888888888888888
australian,GradientBoosting,0.5,0.8623587223587222,0.01927016861281772,0.8454676748319141,0.8792497698855304,0.8602232271015229,0.023681283506354876,0.8394656668933785,0.8809807873096672,0.8442302330991446,0.020985758600127913,0.8258354046457441,0.862625061552545,0.8188405797101449,0.8141366829891419,0.8062015503875969,0.03125,0.18000000000000005,0.8888888888888888
australian,GradientBoosting,0.75,0.8587714987714987,0.02992826675952694,0.8325382163136633,0.8850047812293341,0.85288934696036,0.031057484595066673,0.8256662614285891,0.8801124324921309,0.8421250500959616,0.027391198929161045,0.8181156056419587,0.8661344945499645,0.8043478260869565,0.8124334681711731,0.7906976744186046,0.07193396226415094,0.08909090909090911,0.8888888888888888
australian,GradientBoosting,1.0,0.8551351351351351,0.02823702939883836,0.8303842875854978,0.8798859826847724,0.8549709796134213,0.02722565100037146,0.8311066443169631,0.8788353149098794,0.8363104980126256,0.029624544069952508,0.8103434402302275,0.8622775557950236,0.7971014492753623,0.8076431764956356,0.7878787878787878,0.059551886792452824,0.18000000000000005,0.8888888888888888
australian,EBM,0.0,0.875053235053235,0.019173594571860807,0.8582468384056399,0.89185963170083,0.9381019005169492,0.015578859226653018,0.9244464283258124,0.951757372708086,0.8622555156783962,0.020906978099357976,0.8439297413785648,0.8805812899782276,0.8260869565217391,0.9359165424739195,0.8208955223880597,0.037735849056603765,0.12,0.8888888888888888
australian,EBM,0.25,0.8641605241605241,0.015283046850703823,0.8507643429492209,0.8775567053718274,0.8638963727214841,0.022032365919370918,0.8445841525043458,0.8832085929386224,0.8487720612720612,0.012715176194727638,0.8376267179316803,0.859917404612442,0.8405797101449275,0.8486267830530125,0.835820895522388,0.0784198113207547,0.09999999999999998,0.8888888888888888
australian,EBM,0.5,0.8623751023751023,0.01554091550674758,0.8487528893208803,0.8759973154293242,0.863107803883055,0.018657853760529412,0.8467534739885197,0.8794621337775902,0.8463131868131868,0.015089240524112538,0.8330868843372088,0.8595394892891648,0.8260869565217391,0.8486267830530125,0.8208955223880597,0.037735849056603765,0.12,0.8888888888888888
australian,EBM,0.75,0.8714168714168714,0.020263278602943514,0.8536553246028176,0.8891784182309252,0.8675500922738211,0.020748581064980127,0.8493631590962205,0.8857370254514216,0.8580607646321932,0.019150345567604723,0.841274746635337,0.8748467826290494,0.8405797101449275,0.8404300617415371,0.835820895522388,0.11910377358490565,0.10714285714285715,0.8888888888888888
australian,EBM,1.0,0.8678296478296478,0.02388608552278068,0.8468925707390857,0.8887667249202098,0.8692302528626469,0.027921665276526727,0.8447558341541497,0.8937046715711441,0.854212573876786,0.02228236990447695,0.8346812155047533,0.8737439322488186,0.8333333333333334,0.8421332765595062,0.8296296296296296,0.047169811320754707,0.09999999999999998,0.8888888888888888
australian,XGBoost,0.0,0.8642260442260443,0.03141390784347314,0.8366905399422918,0.8917615485097968,0.9311275537184731,0.013322814814321357,0.9194495916444994,0.9428055157924469,0.8485009247630841,0.031072538267813112,0.821264644105369,0.8757372054207992,0.8695652173913043,0.9359165424739195,0.8615384615384616,0.04068396226415094,0.09999999999999998,0.8888888888888888
australian,XGBoost,0.25,0.856969696969697,0.03168605044342985,0.8291956491795385,0.8847437447598556,0.8485022501861664,0.028089335696832026,0.8238808618742827,0.8731236384980502,0.8379644186153273,0.033184477447052774,0.8088769416465152,0.8670518955841394,0.8695652173913043,0.8599105812220565,0.8615384615384616,0.04068396226415094,0.09999999999999998,0.8888888888888888
australian,XGBoost,0.5,0.8442588042588042,0.022935064733326155,0.8241553336444706,0.8643622748731378,0.858304859754584,0.03259815885304965,0.8297313136929758,0.8868784058161923,0.8203839436575237,0.02810782238333017,0.795746351050466,0.8450215362645813,0.8768115942028986,0.8746008090270386,0.8682170542635659,0.07193396226415094,0.09999999999999998,0.8888888888888888
australian,XGBoost,0.75,0.8551351351351351,0.028171330592180768,0.8304418751286067,0.8798283951416634,0.8505430665126971,0.0295558786828018,0.8246361965958602,0.876449936429534,0.8352890950169758,0.03114547107909565,0.8079888859315241,0.8625893041024275,0.855072463768116,0.8582073664040878,0.84375,0.10318396226415094,0.035714285714285726,0.6666666666666666
australian,XGBoost,1.0,0.8552006552006552,0.037711719573378835,0.8221448755429773,0.8882564348583332,0.8583456760811146,0.040996623117668836,0.8224105515146082,0.8942808006476209,0.8359048589016919,0.03982807555844343,0.8009940114319143,0.8708157063714694,0.855072463768116,0.8599105812220565,0.84375,0.10318396226415094,0.035714285714285726,0.6666666666666666
german,LogisticRegression,0.0,0.76,0.06637959023675878,0.7018157237735142,0.8181842762264858,0.78828125,0.07663728852336879,0.7211057047941893,0.8554567952058107,0.8352722949093222,0.04587830484044294,0.7950581876495725,0.8754864021690719,0.705,0.7596428571428572,0.794425087108014,0.0976190476190476,0.125,0.9405405405405405
german,LogisticRegression,0.25,0.7525,0.05971939592795625,0.7001536414829073,0.8048463585170926,0.6752976190476191,0.07080894438069525,0.6132308427319264,0.7373643953633118,0.8302770975533192,0.041670526518004784,0.7937512706119525,0.866802924494686,0.71,0.6333333333333334,0.795774647887324,0.004761904761904745,0.050000000000000044,0.9405405405405405
german,LogisticRegression,0.5,0.75125,0.0641044070247904,0.6950600097882194,0.8074399902117806,0.6720238095238096,0.07673869222837092,0.6047593800515972,0.7392882389960219,0.8289065598015218,0.045373721697166365,0.7891347391675696,0.8686783804354741,0.72,0.6369047619047619,0.8028169014084507,0.05238095238095242,0.08999999999999997,0.9405405405405405
german,LogisticRegression,0.75,0.75,0.0635843435917994,0.694265865486221,0.805734134513779,0.6773809523809524,0.07330587331807167,0.6131255213523874,0.7416363834095174,0.8280305192991495,0.04416584247117124,0.7893174514879078,0.8667435871103912,0.715,0.6333333333333334,0.8,0.059523809523809534,0.08999999999999997,0.9568965517241379
german,LogisticRegression,1.0,0.7525000000000001,0.05806112081246797,0.7016071837092897,0.8033928162907105,0.6767857142857143,0.06856874168016287,0.6166825622145551,0.7368888663568736,0.8309752249177835,0.04008578864231888,0.7958384819701052,0.8661119678654619,0.695,0.6416666666666666,0.784452296819788,0.021428571428571463,0.09999999999999998,0.9405405405405405
german,DecisionTree,0.0,0.6587500000000001,0.04562928062110996,0.6187541720925795,0.6987458279074206,0.5991071428571428,0.04769571581064009,0.5573000046442066,0.6409142810700791,0.7535239753543481,0.03874464588442066,0.7195627958653531,0.7874851548433431,0.67,0.6023809523809525,0.7659574468085106,0.03809523809523807,0.125,0.7956989247311828
german,DecisionTree,0.25,0.65,0.04614007206322938,0.6095564436529131,0.690443556347087,0.5964285714285713,0.03872480162339082,0.5624847862012936,0.630372356655849,0.7504593079151228,0.03925481190993228,0.7160509481882886,0.784867667641957,0.68,0.5928571428571429,0.7746478873239436,0.004761904761904745,0.125,0.9249999999999999
german,DecisionTree,0.5,0.65,0.05266343608235223,0.6038384629805289,0.6961615370194711,0.5982142857142858,0.04803575116538387,0.556109093371509,0.6403194780570626,0.7499291912628526,0.04686465035133988,0.7088505140433293,0.7910078684823759,0.675,0.5654761904761905,0.7735191637630662,0.0452380952380953,0.30000000000000004,0.9249999999999999
german,DecisionTree,0.75,0.66625,0.04584280205223064,0.626067012306201,0.706432987693799,0.5946428571428571,0.039799245547436246,0.5597572802919261,0.6295284339937882,0.7623517614307267,0.037120109308374824,0.7298145510343932,0.7948889718270602,0.66,0.5892857142857143,0.7622377622377622,0.05238095238095242,0.275,0.696236559139785
german,DecisionTree,1.0,0.6637500000000001,0.03318979511837938,0.6346578618867572,0.6928421381132429,0.600297619047619,0.04140810506369481,0.5640018146528041,0.636593423442434,0.7618894259412703,0.029654046975644683,0.735896507721829,0.7878823441607116,0.635,0.6190476190476191,0.7364620938628159,0.0452380952380953,0.25,0.9487179487179486
german,RandomForest,0.0,0.76375,0.05836308764964375,0.7125924981063384,0.8149075018936617,0.7851190476190476,0.07416280296552641,0.7201124846365743,0.8501256106015209,0.8464187454234805,0.03712758283851057,0.8138749841891522,0.8789625066578088,0.745,0.7819642857142857,0.8305647840531561,0.05476190476190468,0.07499999999999996,0.8951612903225806
german,RandomForest,0.25,0.7475,0.05127286075498423,0.7025573559967819,0.7924426440032182,0.631547619047619,0.06839250745900903,0.5715989430822568,0.6914962950129813,0.8385061018082205,0.03247263932023987,0.810042578468096,0.866969625148345,0.755,0.6369047619047619,0.839344262295082,0.0357142857142857,0.025000000000000022,0.8409090909090909
german,RandomForest,0.5,0.7675,0.057179815057413395,0.717379682263577,0.817620317736423,0.6470238095238094,0.07161743384865005,0.5842483609436165,0.7097992581040024,0.8504446376352949,0.0359684339789813,0.8189169151741784,0.8819723600964113,0.735,0.6083333333333333,0.8262295081967214,0.011904761904761973,0.0,0.8951612903225806
german,RandomForest,0.75,0.7525000000000001,0.04853317164579293,0.709958799382246,0.7950412006177541,0.636904761904762,0.05689897111400346,0.5870306147385642,0.6867789090709597,0.8414907001264498,0.029985771729274944,0.8152070123402253,0.8677743879126742,0.735,0.65,0.8250825082508251,0.021428571428571352,0.050000000000000044,0.8951612903225806
german,RandomForest,1.0,0.7550000000000001,0.032894243417351914,0.7261669243749476,0.7838330756250527,0.6285714285714284,0.05962231432648562,0.576310165829955,0.6808326913129019,0.8426999058732806,0.02083286579718033,0.8244390938705394,0.8609607178760218,0.755,0.6214285714285714,0.8372093023255814,0.030952380952380953,0.03500000000000003,0.9249999999999999
german,GradientBoosting,0.0,0.7425,0.03168447963909141,0.7147273290805513,0.7702726709194488,0.7741071428571429,0.06105167452923947,0.7205929906572147,0.827621295057071,0.8265175435805716,0.024608797856404054,0.8049469811987952,0.8480881059623481,0.76,0.7732142857142857,0.8321678321678322,0.09047619047619049,0.07499999999999996,0.7442528735632185
german,GradientBoosting,0.25,0.75125,0.045800177401403165,0.7111043744599738,0.7913956255400262,0.6645833333333334,0.05949217909593468,0.6124361391507974,0.7167305275158694,0.8312764824995845,0.032376616341229125,0.8028971270115803,0.8596558379875887,0.76,0.7000000000000001,0.8321678321678322,0.004761904761904745,0.03500000000000003,0.6607142857142857
german,GradientBoosting,0.5,0.7474999999999999,0.04088856808449031,0.7116595898460969,0.783340410153903,0.6633928571428571,0.04195003557440542,0.6266220297113184,0.7001636845743958,0.829136953704453,0.029246119758566114,0.8035015994560175,0.8547723079528884,0.78,0.7285714285714286,0.8450704225352113,0.02857142857142858,0.010000000000000009,0.7708333333333334
german,GradientBoosting,0.75,0.73625,0.03406106648359679,0.7063941588629628,0.7661058411370372,0.6532738095238095,0.028097035101933385,0.6286456723857942,0.6779019466618249,0.8210194287320253,0.027962716586358773,0.7965090269639429,0.8455298305001077,0.755,0.7119047619047619,0.8304498269896193,0.04047619047619044,0.04500000000000004,0.9568965517241379
german,GradientBoosting,1.0,0.7375,0.028298078556679426,0.7126956405041373,0.7623043594958628,0.6458333333333334,0.029761904761904746,0.6197458735958359,0.6719207930708309,0.8229557316947688,0.02140275969804722,0.8041953856631257,0.8417160777264119,0.755,0.7047619047619047,0.8268551236749117,0.021428571428571463,0.09999999999999998,0.7708333333333334
german,EBM,0.0,0.7549999999999999,0.052922407825041366,0.7086114642395342,0.8013885357604655,0.7744419642857143,0.07294864231477038,0.7104996600375137,0.8383842685339149,0.8307297518467139,0.03956382838132524,0.7960505272400887,0.8654089764533391,0.705,0.7411904761904761,0.7929824561403509,0.059523809523809534,0.07999999999999996,0.936936936936937
german,EBM,0.25,0.74875,0.03987284476934144,0.7137999105866666,0.7837000894133335,0.6663690476190476,0.06451712373110839,0.6098172952638425,0.7229207999742526,0.8262611750957969,0.031324185307523775,0.7988043160823269,0.8537180341092668,0.715,0.6285714285714286,0.7985865724381626,0.026190476190476097,0.07500000000000007,0.9729729729729729
german,EBM,0.5,0.7449999999999999,0.04383919479187543,0.7065732515036725,0.7834267484963273,0.674404761904762,0.05276341701030338,0.6281555877379608,0.7206539360715631,0.8253757854023928,0.03184245358897858,0.7974646442106201,0.8532869265941654,0.71,0.65,0.7943262411347518,0.033333333333333326,0.07500000000000007,0.9135802469135802
german,EBM,0.75,0.745,0.048894018039019854,0.7021425035728871,0.7878574964271129,0.669047619047619,0.06456172833709618,0.6124567690314233,0.7256384690638147,0.8240675922594594,0.03746439474518844,0.7912286023720975,0.8569065821468212,0.705,0.6535714285714286,0.7929824561403509,0.0357142857142857,0.09999999999999998,0.9135802469135802
german,EBM,1.0,0.7462500000000001,0.047721522922052666,0.7044202408565386,0.7880797591434615,0.6735119047619047,0.03964594046353418,0.6387607057418229,0.7082631037819865,0.8241135570959497,0.035649469213077996,0.7928654195792362,0.8553616946126632,0.725,0.65,0.8056537102473498,0.050000000000000044,0.10000000000000003,0.9135802469135802
german,XGBoost,0.0,0.7625,0.05711145900780334,0.7124395989828287,0.8125604010171712,0.792782738095238,0.06327002923950727,0.7373241122586065,0.8482413639318696,0.8373496176652985,0.0419269679894006,0.8005990098635136,0.8741002254670833,0.76,0.7610714285714285,0.8344827586206897,0.09523809523809523,0.125,0.8809523809523808
german,XGBoost,0.25,0.75125,0.0554456377905422,0.7026497556590504,0.7998502443409495,0.6735119047619047,0.05925908395016112,0.6215690274831093,0.7254547820407001,0.8291969010248188,0.03982361364125399,0.7942899645978984,0.8641038374517392,0.76,0.7035714285714286,0.8321678321678322,0.01904761904761909,0.0,0.8809523809523808
german,XGBoost,0.5,0.75625,0.05879652413195868,0.7047125742784915,0.8077874257215084,0.6720238095238095,0.06437280531450341,0.6155985578382585,0.7284490612093605,0.8342625960162643,0.042985507228905,0.7965841376614974,0.8719410543710312,0.77,0.7119047619047619,0.8380281690140845,0.02857142857142858,0.024999999999999967,0.8809523809523808
german,XGBoost,0.75,0.7537499999999999,0.047103609203541945,0.7124618661114357,0.7950381338885641,0.6657738095238095,0.0494061065508351,0.6224674477253136,0.7090801713223054,0.8306783745813278,0.03529081241091308,0.7997446136127858,0.8616121355498697,0.72,0.6738095238095239,0.8,0.0,0.03499999999999992,0.9135802469135802
german,XGBoost,1.0,0.7575,0.05544563779054221,0.7088997556590504,0.8061002443409495,0.6702380952380953,0.06631297011647823,0.6121122141217152,0.7283639763544754,0.833642982868309,0.04232014012593012,0.7965477444938617,0.8707382212427562,0.72,0.6285714285714286,0.8041958041958042,0.02857142857142858,0.050000000000000044,0.7442528735632185
gmsc,LogisticRegression,0.0,0.933825,0.00039572366901945616,0.9334781329105006,0.9341718670894994,0.694568041686044,0.010918862620921246,0.6849972366155583,0.7041388467565297,0.07522255713837703,0.0046699897286863285,0.07112913065925021,0.07931598361750385,0.9340333333333334,0.7148968799647604,0.0850670365233472,0.00885349040443487,0.032240988503413955,0.8118239360828879
gmsc,LogisticRegression,0.25,0.93385,0.0003870741387497963,0.9335107145580619,0.934189285441938,0.5190048906455786,0.001422470642215439,0.5177580401531979,0.5202517411379594,0.07502572199357879,0.005153249924014213,0.07050869927660336,0.07954274471055423,0.934,0.5212829686811726,0.08333333333333333,0.008539617209205742,0.03023898650141195,0.8412378468105288
gmsc,LogisticRegression,0.5,0.9338416666666667,0.0004044028519516822,0.9334871919379013,0.9341961413954321,0.519000425562528,0.0014277124036633489,0.5177489804636589,0.5202518706613971,0.0750175267864315,0.005161825382430043,0.07049298734873731,0.0795420662241257,0.9340333333333334,0.5213008290133748,0.08337193144974525,0.008588536101682018,0.03023898650141195,0.8412378468105288
gmsc,LogisticRegression,0.75,0.9338000000000001,0.00038346917882809323,0.9334638744447549,0.9341361255552453,0.5188046181528987,0.000999317530843785,0.5179286777163097,0.5196805585894877,0.07433854065648872,0.0035232591580404227,0.07125026784043571,0.07742681347254173,0.934,0.5212829686811726,0.08333333333333333,0.008539617209205742,0.03023898650141195,0.8412378468105288
gmsc,LogisticRegression,1.0,0.9338000000000001,0.000355267895788219,0.9334885939592394,0.9341114060407607,0.5186309419400184,0.0013776709276288233,0.5174233601288555,0.5198385237511812,0.07367069933055218,0.005154197506891859,0.06915284602056308,0.07818855264054127,0.934,0.5212829686811726,0.08333333333333333,0.008539617209205742,0.03023898650141195,0.8412378468105288
gmsc,DecisionTree,0.0,0.8963000000000001,0.0016146572563722561,0.8948846905128404,0.8977153094871598,0.6138640617307276,0.003570840330511389,0.6107340821781256,0.6169940412833296,0.26938346374933897,0.006193407268127006,0.2639547029211007,0.27481222457757726,0.8992,0.6135142586470063,0.2720269619643717,0.04995202386332976,0.05882622184809061,0.8832997391510552
gmsc,DecisionTree,0.25,0.90145,0.0019212806782051579,0.8997659232334732,0.9031340767665268,0.5954898107446274,0.007869767859011194,0.5885916550718697,0.602387966417385,0.24369911155340804,0.01011227284139224,0.23483531359709986,0.2525629095097162,0.9027666666666667,0.5981888910515282,0.24292758889177266,0.023987638413902723,0.016338686464791523,0.8674741963792713
gmsc,DecisionTree,0.5,0.9021416666666667,0.0010136224916385557,0.9012531873790948,0.9030301459542387,0.5934285298742294,0.005695285227567396,0.5884363922655538,0.5984206674829051,0.2477157769043153,0.006874515184929337,0.24168999866409951,0.25374155514453106,0.9034,0.5916879082878622,0.25193598347960766,0.025570577616962673,0.015950661559350238,0.921271045767133
gmsc,DecisionTree,0.75,0.9019583333333333,0.001038327982864742,0.901048198727904,0.9028684679387626,0.5916120363983463,0.0038360413595042195,0.5882495978945602,0.5949744749021323,0.2446557726100628,0.012451857406087665,0.23374123836445349,0.2555703068556721,0.9031,0.5924340336869917,0.242771555092472,0.02313706999971072,0.01510494051182474,0.8603568887834954
gmsc,DecisionTree,1.0,0.9015666666666666,0.002167187437414888,0.8996670431220897,0.9034662902112436,0.5915055711770891,0.0031991928045923693,0.588701355044084,0.5943097873100942,0.24231724689650727,0.006038343858798614,0.23702440513930878,0.24761008865370576,0.9044,0.596373149996949,0.2464529689963216,0.02137344105193615,0.012749998611384324,0.8369293303095785
gmsc,RandomForest,0.0,0.9351916666666666,0.00033411366994548876,0.9348988031224084,0.9354845302109249,0.8423195152899204,0.003364456517079359,0.839370439125944,0.8452685914538969,0.2694510698494429,0.010452712872128777,0.260288863049147,0.2786132766497388,0.9364666666666667,0.8484481776448325,0.2785768357305072,0.0259567697021991,0.059137666493531305,0.795976441323506
gmsc,RandomForest,0.25,0.9347166666666666,0.0003731435529539764,0.9343895919215565,0.9350437414117768,0.572199878343234,0.005830298696654877,0.5670893962110134,0.5773103604754547,0.23707591085485138,0.016479028027184036,0.22263140592106354,0.2515204157886392,0.9353333333333333,0.5711145426307422,0.245136186770428,0.02072696237998979,0.03202009166223879,0.7975371794437481
gmsc,RandomForest,0.5,0.9346833333333333,0.00037799728100140306,0.9343520041080067,0.93501466255866,0.5718835249407366,0.004865310682548224,0.5676188920969457,0.5761481577845274,0.23752911736905963,0.013883078345504618,0.2253600626573982,0.24969817208072106,0.9361333333333334,0.5694039592926953,0.2444794952681388,0.017630362706717632,0.0330001970161016,0.7728118018546486
gmsc,RandomForest,0.75,0.9348833333333335,0.0005281979321765347,0.9344203474324203,0.9353463192342467,0.5707076039094583,0.0038769492796961796,0.5673093080326482,0.5741058997862684,0.23907218698743135,0.009003101710263682,0.23118062039389362,0.2469637535809691,0.9357,0.5740713406695798,0.2456003128666406,0.020441648236865458,0.0370042010201056,0.7042921508181171
gmsc,RandomForest,1.0,0.9350083333333332,0.0004942376284069868,0.934575114951144,0.9354415517155225,0.5733838476951185,0.005591849359243132,0.5684823756225337,0.5782853197677034,0.24195409103115945,0.008768686508928682,0.23426799842107832,0.24964018364124058,0.9352,0.5752467821337887,0.2376470588235294,0.01955573415711151,0.029983263581673136,0.6483849016919095
gmsc,GradientBoosting,0.0,0.9370333333333335,0.0009737884210078282,0.9361797701481438,0.9378868965185232,0.863440722537384,0.0038139007499958136,0.8600976911335042,0.8667837539412638,0.29330819847176565,0.009206503783977743,0.285238342099701,0.3013780548438303,0.9374666666666667,0.867242698754097,0.3005219985085757,0.026456706657323865,0.05626700258907019,0.8802562998165829
gmsc,GradientBoosting,0.25,0.9370083333333333,0.0007536946036396754,0.9363476908850722,0.9376689757815945,0.5883578294325676,0.0024269220696358745,0.586230538444838,0.5904851204202973,0.28235150028119277,0.0071048877146090254,0.27612379161546413,0.2885792089469214,0.9371666666666667,0.5893719443131767,0.2829973373906428,0.01753366114211764,0.017255824412882065,0.8678382530337866
gmsc,GradientBoosting,0.5,0.9370499999999999,0.0008324995829161609,0.9363202819418127,0.9377797180581872,0.5888294576066007,0.0016330238803884786,0.5873980490636724,0.5902608661495289,0.28370788314631007,0.0063274841028419584,0.27816159879075253,0.2892541675018676,0.9371,0.588000039194744,0.2822365918600228,0.012466732542880186,0.015665765168747264,0.8750296419255394
gmsc,GradientBoosting,0.75,0.9369833333333333,0.0009188421155635527,0.9361779327083852,0.9377887339582813,0.5889677087562466,0.0026723969483749108,0.5866252495503903,0.5913101679621029,0.2824173659977328,0.00812594503442788,0.275294661130197,0.2895400708652686,0.9370333333333334,0.5877328023039382,0.2814758463294028,0.013695078869968055,0.01666676616974827,0.9177140147023951
gmsc,GradientBoosting,1.0,0.9370499999999999,0.0008433769751553949,0.9363107474871345,0.9377892525128654,0.5881926833005273,0.004163914791273938,0.5845428510624117,0.591842515538643,0.2824580520493668,0.009474025990724564,0.2741537021241097,0.2907624019746239,0.9374,0.5897099544405641,0.29024943310657597,0.017930386297108844,0.008317849967999322,0.8200848642021403
gmsc,EBM,0.0,0.9368333333333334,0.0012360330811826165,0.935749902568484,0.9379167640981828,0.8652215161046455,0.004010963247934868,0.8617057518054123,0.8687372804038787,0.2929302855612089,0.011795584672645206,0.2825909997295523,0.30326957139286553,0.9372666666666667,0.8698749019574658,0.3014105419450631,0.024180703747862756,0.035329564156601934,0.9368330566753617
gmsc,EBM,0.25,0.9369166666666666,0.001096870548424021,0.9359552172400195,0.9378781160933137,0.5899778771053306,0.0034596369300536876,0.5869453716309276,0.5930103825797335,0.28668804974272377,0.008156910721629312,0.27953820225361947,0.29383789723182807,0.9369,0.5909383088091523,0.28861330326944756,0.019192665691482518,0.0093972431734872,0.9177140147023951
gmsc,EBM,0.5,0.9369416666666666,0.001305902731616882,0.9357969924529466,0.9380863408803866,0.5904008519900342,0.003496648480473775,0.587335904461296,0.5934657995187724,0.28691667168380514,0.010505969741166916,0.27770778317956957,0.2961255601880407,0.9369333333333333,0.5905281892607293,0.29138576779026215,0.019980741986283915,0.010332399994427838,0.8890354517429452
gmsc,EBM,0.75,0.9369999999999999,0.0012261615807968693,0.9359252219867442,0.9380747780132557,0.5904809280831527,0.00475450154070581,0.5863134237346476,0.5946484324316578,0.2886881621676315,0.011743845491955989,0.2783942277274224,0.2989820966078406,0.9367,0.5908847278125458,0.2874296435272045,0.01976470657600734,0.009981423568393145,0.8603568887834954
gmsc,EBM,1.0,0.9368333333333332,0.0011714929932924657,0.9358064744498119,0.9378601922168545,0.5902581355579593,0.003297424942920898,0.587367815159314,0.5931484559566045,0.28815275677977753,0.009941509781124125,0.2794386392453051,0.29686687431424996,0.9368,0.591294179268742,0.2877535687453043,0.01945083338077821,0.01031150434728964,0.9279108370879773
gmsc,XGBoost,0.0,0.9372,0.0007255266286559646,0.9365640478704249,0.9378359521295752,0.864872524592216,0.003911276794753299,0.8614441393217968,0.8683009098626352,0.29774815975539265,0.010584715328555448,0.2884702477005161,0.3070260718102692,0.9382666666666667,0.8686300768885074,0.30792227204783257,0.024293527358005773,0.045325643735186466,0.7765272432097189
gmsc,XGBoost,0.25,0.937225,0.0009036000528749158,0.9364329596320613,0.9380170403679386,0.5919240914727548,0.0037092990133068657,0.5886727475336451,0.5951754354118646,0.2907476919283417,0.0072028096514031,0.28443415090060636,0.29706123295607706,0.9376666666666666,0.591901430563616,0.29112964366944655,0.01801465085514707,0.011312505348290647,0.8591365244022422
gmsc,XGBoost,0.5,0.9372,0.001102947440069378,0.936233223942971,0.938166776057029,0.5914345416238256,0.004526768064652081,0.5874666544683382,0.5954024287793129,0.29104068601194266,0.012701271332434691,0.27990753082074527,0.30217384120314006,0.9379,0.5935934854772338,0.29511918274687854,0.019612575883397508,0.021308584926875207,0.7892340526440599
gmsc,XGBoost,0.75,0.9373916666666666,0.0012167808165629331,0.9363251112558021,0.9384582220775312,0.5904104894021878,0.004412607999603885,0.5865426679556797,0.5942783108486959,0.2915336942791244,0.014134744890853774,0.2791440441142622,0.3039233444439866,0.9376333333333333,0.5910997198911989,0.2894037219901253,0.01918050506284435,0.01628964949044473,0.8361394356177377
gmsc,XGBoost,1.0,0.9371333333333334,0.0008662258494308494,0.936374052899121,0.9378926137675457,0.5909977832523415,0.0037243090190457414,0.5877332824631072,0.5942622840415759,0.28975005144689653,0.01025888347847966,0.28075774360109357,0.2987423592926995,0.9377666666666666,0.5927203334760082,0.29626837542404827,0.01989110341306468,0.016331440784721096,0.8412378468105288
